"id","institute_id","name","email","phone","qualification","city","state","created_at"
"1","54","dheraj","test@gmail.com","8287758251","b.tecg","spj1","bihar3","2024-03-30 11:53:10"
"12","54","dheeraj","test@gmail.com","8287758251","b.tecg","spj1","delhi","2024-04-01 11:05:17"
"13","54","bikii","test@gmail.com","7373737373","btecj","spj1","delhi two","2024-04-01 11:05:17"
"14","54","dheeraj22","test@gmail.com","8287758251","b.tecg","spj1","delhi33","2024-04-01 11:07:38"
"15","54","bikii2",,"7373737373","btecj","spj1","delhi two","2024-04-01 11:07:38"
"16","54","dheeraj","test@gmail.com","8287758251","b.tecg","spj1","delhi","2024-04-02 10:48:55"
"17","54","dheeraj","test@gmail.com","8287758251","b.tecg","spj1","delhi","2024-04-02 10:51:12"
"18","54","dheeraj","test@gmail.com","8287758251","b.tecg","spj1","delhi","2024-04-02 10:51:42"
"19","54","dheeraj","test@gmail.com","8287758251","b.tecg","spj1","delhi","2024-04-02 10:52:32"
"20","54","dheeraj","test@gmail.com","8287758251","b.tecg","spj1","delhi","2024-04-02 10:54:35"
"21","54","dheeraj","test@gmail.com","8287758251","b.tecg","spj1","delhi","2024-04-02 10:54:42"
"22","54","dheeraj","test@gmail.com","8287758251","b.tecg","spj1","delhi","2024-04-02 10:55:35"
"23","54","dheeraj","test@gmail.com","8287758251","b.tecg","spj1","delhi","2024-04-02 10:56:42"
"24","54","dheeraj","test@gmail.com","8287758251","b.tecg","spj1","delhi","2024-04-02 10:56:53"
"25","54","dheeraj","test@gmail.com","8287758251","b.tecg","spj1","delhi","2024-04-02 10:58:09"
